{"e_cpu_active": 5.28, "e_cpu_idle": 62.69775997161865, "e_fc": 13.06755199432373, "e_cpu_io": 0.0, "e_proc": 81.04531196594239, "e_transmit": 0.0, "e_receive": 0.0, "e_idle": 68.60477113723755, "e_comm": 68.60477113723755, "e_hover": 1552.102180814743, "e_motor": 1552.102180814743, "simulation_time_s": 5.0, "cpu_time_s": 0.66, "inference_time_s": 0.0006384849548339844, "cumm_inference_time_s": 0.006998300552368164, "total_energy": 1701.7522639179228}
{"e_cpu_active": 8.32, "e_cpu_idle": 144.8264320755005, "e_fc": 29.797286415100096, "e_cpu_io": 0.0, "e_proc": 182.9437184906006, "e_transmit": 0.0, "e_receive": 0.0, "e_idle": 156.4358458042145, "e_comm": 156.4358458042145, "e_hover": 3539.1755937337875, "e_motor": 3539.1755937337875, "simulation_time_s": 10.0, "cpu_time_s": 1.04, "inference_time_s": 0.00044083595275878906, "cumm_inference_time_s": 0.016412019729614258, "total_energy": 3878.555158028603}
{"e_cpu_active": 11.36, "e_cpu_idle": 222.7204669189453, "e_fc": 45.680093383789064, "e_cpu_io": 0.0, "e_proc": 279.7605603027344, "e_transmit": 0.0, "e_receive": 0.0, "e_idle": 239.8206765174866, "e_comm": 239.8206765174866, "e_hover": 5425.658188929558, "e_motor": 5425.658188929558, "simulation_time_s": 15.0, "cpu_time_s": 1.42, "inference_time_s": 0.0003497600555419922, "cumm_inference_time_s": 0.025233983993530273, "total_energy": 5945.239425749778}
{"e_cpu_active": 13.6, "e_cpu_idle": 313.9790241241455, "e_fc": 64.1558048248291, "e_cpu_io": 0.0, "e_proc": 391.7348289489746, "e_transmit": 0.0, "e_receive": 0.0, "e_idle": 336.8180564403534, "e_comm": 336.8180564403534, "e_hover": 7620.108391304016, "e_motor": 7620.108391304016, "simulation_time_s": 20.0, "cpu_time_s": 1.7, "inference_time_s": 0.00046253204345703125, "cumm_inference_time_s": 0.03157973289489746, "total_energy": 8348.661276693343}
{"e_cpu_active": 15.84, "e_cpu_idle": 399.19575603485106, "e_fc": 81.42315120697022, "e_cpu_io": 0.0, "e_proc": 496.45890724182124, "e_transmit": 0.0, "e_receive": 0.0, "e_idle": 427.4716299533844, "e_comm": 427.4716299533844, "e_hover": 9671.03748049736, "e_motor": 9671.03748049736, "simulation_time_s": 25.0, "cpu_time_s": 1.98, "inference_time_s": 0.000885009765625, "cumm_inference_time_s": 0.03890347480773926, "total_energy": 10594.968017692565}
{"e_cpu_active": 19.28, "e_cpu_idle": 484.08840690612794, "e_fc": 98.74568138122558, "e_cpu_io": 0.0, "e_proc": 602.1140882873535, "e_transmit": 0.0, "e_receive": 0.0, "e_idle": 518.4148963451386, "e_comm": 518.4148963451386, "e_hover": 11728.520571508407, "e_motor": 11728.520571508407, "simulation_time_s": 30.0, "cpu_time_s": 2.41, "inference_time_s": 0.0006878376007080078, "cumm_inference_time_s": 0.04738450050354004, "total_energy": 12849.049556140899}
{"e_cpu_active": 21.599999999999998, "e_cpu_idle": 560.8292114257813, "e_fc": 114.32584228515626, "e_cpu_io": 0.0, "e_proc": 696.7550537109375, "e_transmit": 0.0, "e_receive": 0.0, "e_idle": 600.2107681274414, "e_comm": 600.2107681274414, "e_hover": 13579.055089054107, "e_motor": 13579.055089054107, "simulation_time_s": 35.0, "cpu_time_s": 2.6999999999999997, "inference_time_s": 0.0007474422454833984, "cumm_inference_time_s": 0.05526089668273926, "total_energy": 14876.020910892486}
{"e_cpu_active": 25.200000000000003, "e_cpu_idle": 632.1039203643799, "e_fc": 128.94078407287597, "e_cpu_io": 0.0, "e_proc": 786.2447044372559, "e_transmit": 0.0, "e_receive": 0.0, "e_idle": 676.9392916202545, "e_comm": 676.9392916202545, "e_hover": 15314.946498980522, "e_motor": 15314.946498980522, "simulation_time_s": 40.0, "cpu_time_s": 3.1500000000000004, "inference_time_s": 0.0008511543273925781, "cumm_inference_time_s": 0.0630028247833252, "total_energy": 16778.130495038033}
