{"e_cpu_active": 24.880000000000003, "e_cpu_idle": 4.365640220642089, "e_fc": 3.361128044128418, "e_cpu_io": 0.0, "e_proc": 32.60676826477051, "e_transmit": 0.0, "e_receive": 0.0, "e_idle": 17.645972299575806, "e_comm": 17.645972299575806, "e_hover": 399.21972784042356, "e_motor": 399.21972784042356, "simulation_time_s": 5.0, "total_energy": 449.47246840476987}
{"e_cpu_active": 26.240000000000002, "e_cpu_idle": 24.925676231384276, "e_fc": 7.609135246276855, "e_cpu_io": 0.0, "e_proc": 58.77481147766114, "e_transmit": 0.0, "e_receive": 0.0, "e_idle": 39.94799809455872, "e_comm": 39.94799809455872, "e_hover": 903.7762848758697, "e_motor": 903.7762848758697, "simulation_time_s": 10.0, "total_energy": 1002.4990944480895}
{"e_cpu_active": 27.68, "e_cpu_idle": 45.58053890228271, "e_fc": 11.884107780456542, "e_cpu_io": 0.0, "e_proc": 85.14464668273926, "e_transmit": 0.0, "e_receive": 0.0, "e_idle": 62.39158687591553, "e_comm": 62.39158687591553, "e_hover": 1411.5356492233275, "e_motor": 1411.5356492233275, "simulation_time_s": 15.0, "total_energy": 1559.0718827819824}
