{"e_cpu_active": 11.76, "e_cpu_idle": 19.63968002319336, "e_fc": 5.103936004638672, "e_cpu_io": 0.0, "e_proc": 36.50361602783203, "e_transmit": 0.0, "e_receive": 0.0, "e_idle": 26.795693063735964, "e_comm": 26.795693063735964, "e_hover": 606.2209957504272, "e_motor": 606.2209957504272, "simulation_time_s": 5.0, "cpu_time_s": 1.47, "inference_time_s": 2.324066638946533, "total_energy": 669.5203048419952}
{"e_cpu_active": 30.720000000000002, "e_cpu_idle": 22.180433883666993, "e_fc": 7.508086776733398, "e_cpu_io": 0.0, "e_proc": 60.40852066040039, "e_transmit": 0.0, "e_receive": 0.0, "e_idle": 39.41748862266541, "e_comm": 39.41748862266541, "e_hover": 891.7740716695785, "e_motor": 891.7740716695785, "simulation_time_s": 10.0, "cpu_time_s": 3.8400000000000003, "inference_time_s": 4.6429383754730225, "total_energy": 991.6000809526442}
{"e_cpu_active": 49.76, "e_cpu_idle": 24.540897483825685, "e_fc": 9.884179496765137, "e_cpu_io": 0.0, "e_proc": 84.18507698059082, "e_transmit": 0.0, "e_receive": 0.0, "e_idle": 51.8919774055481, "e_comm": 51.8919774055481, "e_hover": 1173.9945524549485, "e_motor": 1173.9945524549485, "simulation_time_s": 15.0, "cpu_time_s": 6.22, "inference_time_s": 6.933572769165039, "total_energy": 1310.0716068410875}
{"e_cpu_active": 68.64, "e_cpu_idle": 27.047138862609863, "e_fc": 12.273427772521973, "e_cpu_io": 0.0, "e_proc": 107.96056663513183, "e_transmit": 0.0, "e_receive": 0.0, "e_idle": 64.43552885055543, "e_comm": 64.43552885055543, "e_hover": 1457.7775164079665, "e_motor": 1457.7775164079665, "simulation_time_s": 20.0, "cpu_time_s": 8.58, "inference_time_s": 9.249821662902832, "total_energy": 1630.1736118936537}
{"e_cpu_active": 87.68, "e_cpu_idle": 29.3761693572998, "e_fc": 14.64323387145996, "e_cpu_io": 0.0, "e_proc": 131.69940322875976, "e_transmit": 0.0, "e_receive": 0.0, "e_idle": 76.87701387405396, "e_comm": 76.87701387405396, "e_hover": 1739.2512584638596, "e_motor": 1739.2512584638596, "simulation_time_s": 25.0, "cpu_time_s": 10.96, "inference_time_s": 11.541244983673096, "total_energy": 1947.8276755666734}
{"e_cpu_active": 106.56, "e_cpu_idle": 31.810785026550292, "e_fc": 17.01815700531006, "e_cpu_io": 0.0, "e_proc": 155.38894203186035, "e_transmit": 0.0, "e_receive": 0.0, "e_idle": 89.34535632133485, "e_comm": 89.34535632133485, "e_hover": 2021.3326630687714, "e_motor": 2021.3326630687714, "simulation_time_s": 30.0, "cpu_time_s": 13.32, "inference_time_s": 13.82767629623413, "total_energy": 2266.0669614219664}
{"e_cpu_active": 125.44, "e_cpu_idle": 34.17513969421387, "e_fc": 19.379027938842775, "e_cpu_io": 0.0, "e_proc": 178.99416763305663, "e_transmit": 0.0, "e_receive": 0.0, "e_idle": 101.73992772102356, "e_comm": 101.73992772102356, "e_hover": 2301.745130853653, "e_motor": 2301.745130853653, "simulation_time_s": 35.0, "cpu_time_s": 15.68, "inference_time_s": 16.103787660598755, "total_energy": 2582.479226207733}
{"e_cpu_active": 144.16, "e_cpu_idle": 36.69922248840332, "e_fc": 21.755844497680663, "e_cpu_io": 0.0, "e_proc": 202.61506698608397, "e_transmit": 0.0, "e_receive": 0.0, "e_idle": 114.21821265220643, "e_comm": 114.21821265220643, "e_hover": 2584.0514043569565, "e_motor": 2584.0514043569565, "simulation_time_s": 40.0, "cpu_time_s": 18.02, "inference_time_s": 18.39848017692566, "total_energy": 2900.8846839952466}
{"e_cpu_active": 163.12, "e_cpu_idle": 39.270638885498045, "e_fc": 24.16612777709961, "e_cpu_io": 0.0, "e_proc": 226.55676666259765, "e_transmit": 0.0, "e_receive": 0.0, "e_idle": 126.87220387458802, "e_comm": 126.87220387458802, "e_hover": 2870.332936797142, "e_motor": 2870.332936797142, "simulation_time_s": 45.0, "cpu_time_s": 20.39, "inference_time_s": 20.7327938079834, "total_energy": 3223.7619073343276}
{"e_cpu_active": 182.23999999999998, "e_cpu_idle": 41.659927253723154, "e_fc": 26.55598545074463, "e_cpu_io": 0.0, "e_proc": 250.45591270446778, "e_transmit": 0.0, "e_receive": 0.0, "e_idle": 139.41895365715027, "e_comm": 139.41895365715027, "e_hover": 3154.1881234025955, "e_motor": 3154.1881234025955, "simulation_time_s": 50.0, "cpu_time_s": 22.779999999999998, "inference_time_s": 23.035183668136597, "total_energy": 3544.0629897642134}
{"e_cpu_active": 201.2, "e_cpu_idle": 44.092239761352545, "e_fc": 28.938447952270508, "e_cpu_io": 0.0, "e_proc": 274.23068771362307, "e_transmit": 0.0, "e_receive": 0.0, "e_idle": 151.92688479423524, "e_comm": 151.92688479423524, "e_hover": 3437.1652202939986, "e_motor": 3437.1652202939986, "simulation_time_s": 55.0, "cpu_time_s": 25.15, "inference_time_s": 25.341556072235107, "total_energy": 3863.322792801857}
{"e_cpu_active": 220.24, "e_cpu_idle": 46.66020286560058, "e_fc": 31.35604057312012, "e_cpu_io": 0.0, "e_proc": 298.25624343872073, "e_transmit": 0.0, "e_receive": 0.0, "e_idle": 164.6192460536957, "e_comm": 164.6192460536957, "e_hover": 3724.3148291444777, "e_motor": 3724.3148291444777, "simulation_time_s": 60.0, "cpu_time_s": 27.53, "inference_time_s": 27.6752028465271, "total_energy": 4187.1903186368945}
{"e_cpu_active": 239.44, "e_cpu_idle": 49.53759792327881, "e_fc": 33.85151958465576, "e_cpu_io": 0.0, "e_proc": 322.8291175079346, "e_transmit": 0.0, "e_receive": 0.0, "e_idle": 177.72051186561586, "e_comm": 177.72051186561586, "e_hover": 4020.715348739624, "e_motor": 4020.715348739624, "simulation_time_s": 65.0, "cpu_time_s": 29.93, "inference_time_s": 30.102484703063965, "total_energy": 4521.264978113175}
{"e_cpu_active": 259.44, "e_cpu_idle": 51.5679810333252, "e_fc": 36.25759620666504, "e_cpu_io": 0.0, "e_proc": 347.26557723999025, "e_transmit": 0.0, "e_receive": 0.0, "e_idle": 190.35241413116455, "e_comm": 190.35241413116455, "e_hover": 4306.497099518776, "e_motor": 4306.497099518776, "simulation_time_s": 70.0, "cpu_time_s": 32.43, "inference_time_s": 32.441941261291504, "total_energy": 4844.115090889931}
{"e_cpu_active": 278.8, "e_cpu_idle": 53.88240203857421, "e_fc": 38.656480407714845, "e_cpu_io": 0.0, "e_proc": 371.33888244628906, "e_transmit": 0.0, "e_receive": 0.0, "e_idle": 202.94655618667605, "e_comm": 202.94655618667605, "e_hover": 4591.4245478439325, "e_motor": 4591.4245478439325, "simulation_time_s": 75.0, "cpu_time_s": 34.85, "inference_time_s": 34.77740287780762, "total_energy": 5165.709986476898}
{"e_cpu_active": 297.91999999999996, "e_cpu_idle": 56.39674571990969, "e_fc": 41.071349143981934, "e_cpu_io": 0.0, "e_proc": 395.3880948638916, "e_transmit": 0.0, "e_receive": 0.0, "e_idle": 215.62461605072022, "e_comm": 215.62461605072022, "e_hover": 4878.25060464859, "e_motor": 4878.25060464859, "simulation_time_s": 80.0, "cpu_time_s": 37.239999999999995, "inference_time_s": 37.14808392524719, "total_energy": 5489.263315563201}
{"e_cpu_active": 317.52000000000004, "e_cpu_idle": 58.51173614501951, "e_fc": 43.45434722900391, "e_cpu_io": 0.0, "e_proc": 419.48608337402345, "e_transmit": 0.0, "e_receive": 0.0, "e_idle": 228.13535599708558, "e_comm": 228.13535599708558, "e_hover": 5161.291179542542, "e_motor": 5161.291179542542, "simulation_time_s": 85.0, "cpu_time_s": 39.690000000000005, "inference_time_s": 39.469186305999756, "total_energy": 5808.9126189136505}
{"e_cpu_active": 336.64, "e_cpu_idle": 61.06283729553223, "e_fc": 45.87656745910645, "e_cpu_io": 0.0, "e_proc": 443.5794047546387, "e_transmit": 0.0, "e_receive": 0.0, "e_idle": 240.85201621055603, "e_comm": 240.85201621055603, "e_hover": 5448.990545954704, "e_motor": 5448.990545954704, "simulation_time_s": 90.0, "cpu_time_s": 42.08, "inference_time_s": 41.85265278816223, "total_energy": 6133.421966919899}
{"e_cpu_active": 356.24, "e_cpu_idle": 63.12811935424804, "e_fc": 48.24962387084961, "e_cpu_io": 0.0, "e_proc": 467.6177432250977, "e_transmit": 0.0, "e_receive": 0.0, "e_idle": 253.31055736541748, "e_comm": 253.31055736541748, "e_hover": 5730.850117368698, "e_motor": 5730.850117368698, "simulation_time_s": 95.0, "cpu_time_s": 44.53, "inference_time_s": 44.1615035533905, "total_energy": 6451.778417959214}
{"e_cpu_active": 375.28000000000003, "e_cpu_idle": 65.91346393585204,